resume_text,job_description,relevant
"Senior Python Django developer with 5 years experience in building RESTful APIs PostgreSQL Celery Redis Docker and Git version control. Led backend development of scalable cloud applications.","We are hiring a Senior Software Developer with deep expertise in Python, Django, REST APIs, PostgreSQL, and Git version control. Experience with Docker and microservices is highly preferred.",1
"Experienced frontend engineer specializing in React, Next.js, TypeScript, Tailwind CSS, Redux, and modern web application development. 4 years of UI/UX design and API integration.","Looking for a Frontend Developer with React, TypeScript, Next.js, and CSS styling experience. Candidate should be proficient in component-driven UI architecture.",1
"Educator specializing in Loksewa exam preparation, Nepalese Constitution, Governance, and Public Administration with 6 years of classroom teaching and exam mock evaluations.","Seeking a Loksewa GK & Current Affairs Lead Instructor with strong knowledge of Constitution of Nepal, Public Administration, and curriculum evaluation.",1
"Secondary school Mathematics teacher with 7 years teaching Compulsory and Optional Mathematics for SEE Class 9 and 10 students. Proven track record of high student pass rates.","We need a Secondary Mathematics Faculty for Classes 9 and 10 (SEE). Candidate must teach Compulsory Math, Optional Math, and prepare students for board examinations.",1
"Physics Lecturer holding Master of Science in Physics. 5 years experience coaching +2 science students for NEB board examinations and IOE engineering entrance tests.","Senior Physics Mentor (+2 Science & Engineering Entrance). Requirements: NEB Physics Syllabus mastery, numerical problem-solving, and entrance exam preparation.",1
"Curriculum writer and STEM educational researcher with expertise in pedagogy, science textbook authoring, syllabus drafting, and interactive classroom modules.","Hiring a Curriculum & Question Bank Author for STEM subjects. Responsible for content writing, pedagogy development, and practice question authoring.",1
"Civil service mock interview panelist and former section officer with 12 years of administrative experience conducting mock interview panels and verbal communication assessments.","Seeking a Civil Service Mock Interview Panelist to train Loksewa candidates in interview protocols, verbal presentation, personality assessment, and public sector etiquette.",1
"Full-stack web engineer proficient in JavaScript, Node.js, Express, MongoDB, Vue.js, and RESTful API integration. 3 years industry experience.","Full Stack Web Developer required with skills in JavaScript, Node.js, Express, MongoDB, and frontend component frameworks.",1
"Chemistry faculty holding M.Sc. in Chemistry with 4 years teaching organic and physical chemistry for college level students and pre-medical entrance exams.","College Chemistry Instructor needed for +2 Science students. Must cover organic, inorganic, and physical chemistry under national curriculum.",1
"English language and literature tutor with MA in English. Experienced in communicative English, grammar pedagogy, essay writing, and IELTS/TOEFL coaching.","English Faculty required for secondary and higher secondary levels. Responsibilities include English grammar, literature, reading comprehension, and creative writing.",1
"Data analyst and Python specialist with skills in pandas, NumPy, SQL, data visualization using matplotlib, and statistical data modeling.","Junior Data Analyst wanted with strong proficiency in Python, pandas, SQL, and data reporting techniques.",1
"Biology teacher with M.Sc. in Botany and 5 years experience preparing students for NEB exams and CEE medical entrance examinations.","Biology Mentor for +2 Science candidates. Specialization in Botany and Zoology with focus on competitive entrance preparation.",1
"Database Administrator with 6 years experience in MySQL, PostgreSQL, performance tuning, automated backup strategies, and query optimization.","Database Administrator needed with hands-on MySQL and PostgreSQL administration, schema design, and disaster recovery experience.",1
"Loksewa Nayab Subba preparation tutor specializing in General Knowledge, IQ reasoning tests, arithmetic shortcuts, and mental ability practice sets.","Loksewa Nayab Subba First Paper Tutor needed. Requirements include General Knowledge, IQ tests, analytical reasoning, and rapid problem solving.",1
"Computer Science educator teaching Python programming, basic data structures, algorithms, and web fundamentals for high school students.","High School Computer Science Teacher needed to deliver courses in Python programming, computer literacy, and introductory database concepts.",1
"Chartered Accountant and financial tutor with expertise in accountancy, taxation, auditing, and corporate finance for BBS and MBS programs.","Faculty of Accountancy and Financial Management for college commerce students. Teaching corporate accounting and taxation.",1
"Sociology lecturer holding Master in Sociology with published papers on Nepalese social structure, research methodology, and cultural anthropology.","Sociology Lecturer required for bachelor level programs. Must deliver lectures in research methods and contemporary social issues.",1
"Junior Python developer with internship experience in Django framework, HTML5, CSS3, relational databases, and Git collaboration.","Entry-level Junior Python Developer to assist in web backend maintenance, bug fixes, and REST API development using Django.",1
"Experienced DevOps and systems administrator with expertise in Linux server administration, CI/CD pipelines, Docker, Nginx, and cloud hosting.","Cloud & DevOps Specialist required with Linux administration, Docker containerization, CI/CD pipeline automation, and server security.",1
"Primary school teacher with training in child psychology, classroom management, creative arts, and early childhood literacy development.","Primary Grade Educator to teach English and Social Studies using activity-based learning methodologies.",1
"Mobile application developer skilled in Flutter, Dart, state management, REST API consumption, and publishing Android/iOS applications.","Mobile App Developer (Flutter/Dart) to build cross-platform educational mobile apps for students and teachers.",1
"Economics teacher with M.A. in Economics and 4 years experience teaching microeconomics, macroeconomics, and Nepalese economic development.","Economics Faculty for +2 and Bachelor level students. Solid grasp of macroeconomic indicators and economic theory required.",1
"Executive pastry chef with 10 years experience in artisan bread baking, chocolate sculpting, patisserie design, and kitchen inventory management.","We are hiring a Senior Software Developer with deep expertise in Python, Django, REST APIs, PostgreSQL, and Git version control. Experience with Docker and microservices is highly preferred.",0
"Commercial airline pilot with flight hours on Boeing 737 aircraft, instrument rating, and FAA flight safety certification.","Secondary school Mathematics teacher needed for Classes 9 and 10 (SEE). Candidate must teach Compulsory Math and Optional Math.",0
"Professional landscaper and horticulturist skilled in lawn maintenance, tree trimming, soil fertilization, and garden landscape design.","Seeking a Loksewa GK & Current Affairs Lead Instructor with strong knowledge of Constitution of Nepal, Public Administration, and curriculum evaluation.",0
"Automotive mechanic experienced in diesel engine repair, brake overhauls, vehicle diagnostics, and hydraulic transmission systems.","Hiring a Curriculum & Question Bank Author for STEM subjects. Responsible for content writing, pedagogy development, and practice question authoring.",0
"Fashion designer specializing in haute couture pattern cutting, fabric selection, apparel stitching, and runway show planning.","Senior Physics Mentor (+2 Science & Engineering Entrance). Requirements: NEB Physics Syllabus mastery, numerical problem-solving, and entrance exam preparation.",0
"Professional fitness trainer and aerobics instructor with certifications in weight management, strength training, and sports nutrition.","We need a Secondary Mathematics Faculty for Classes 9 and 10 (SEE). Candidate must teach Compulsory Math, Optional Math, and prepare students for board examinations.",0
"Licensed real estate agent specializing in residential property appraisals, commercial leasing, title deeds, and client negotiation.","Looking for a Frontend Developer with React, TypeScript, Next.js, and CSS styling experience. Candidate should be proficient in component-driven UI architecture.",0
"Veterinary surgeon experienced in companion animal surgery, pet vaccinations, livestock healthcare, and clinical pathology.","Seeking a Civil Service Mock Interview Panelist to train Loksewa candidates in interview protocols, verbal presentation, and public sector etiquette.",0
"Marine biologist with research experience in coral reef ecosystems, scuba diving surveys, and oceanographic water sampling.","Junior Data Analyst wanted with strong proficiency in Python, pandas, SQL, and data reporting techniques.",0
"Cosmetologist and skincare consultant specializing in facial treatments, makeup application, hair styling, and salon retail management.","Loksewa Nayab Subba First Paper Tutor needed. Requirements include General Knowledge, IQ tests, analytical reasoning, and rapid problem solving.",0
"Dental hygienist with 5 years clinical experience in teeth cleaning, oral prophylaxis, dental radiology, and patient hygiene instruction.","Mobile App Developer (Flutter/Dart) to build cross-platform educational mobile apps for students and teachers.",0
"Professional forklift operator and warehouse logistics coordinator certified in heavy equipment safety, pallet tracking, and shipping manifests.","College Chemistry Instructor needed for +2 Science students. Must cover organic, inorganic, and physical chemistry under national curriculum.",0
"Sommelier and wine consultant with international cellar curation experience, vintage evaluation, and luxury restaurant table service.","English Faculty required for secondary and higher secondary levels. Responsibilities include English grammar, literature, reading comprehension, and creative writing.",0
"Security guard and surveillance operator with training in access control, CCTV monitoring, emergency evacuation, and incident reporting.","Cloud & DevOps Specialist required with Linux administration, Docker containerization, CI/CD pipeline automation, and server security.",0
"Wedding planner and event coordinator with expertise in vendor negotiation, floral decor, banquet logistics, and catering arrangements.","Senior Software Developer with deep expertise in Python, Django, REST APIs, PostgreSQL, and Git version control.",0
"Plumbing contractor experienced in residential pipe fitting, drainage installations, water heater maintenance, and emergency leak repairs.","Faculty of Accountancy and Financial Management for college commerce students. Teaching corporate accounting and taxation.",0
"Music composer and acoustic guitar instructor skilled in music theory, sound engineering, chord progression, and choir accompaniment.","Database Administrator needed with hands-on MySQL and PostgreSQL administration, schema design, and disaster recovery experience.",0
"Deep sea commercial diver certified in underwater welding, pipeline inspections, offshore rigging, and hyperbaric chamber operations.","Economics Faculty for +2 and Bachelor level students. Solid grasp of macroeconomic indicators and economic theory required.",0
"Bartender and mixologist skilled in craft cocktail preparation, bar inventory management, alcohol licensing compliance, and guest hospitality.","Secondary Mathematics Faculty for Classes 9 and 10 (SEE). Candidate must teach Compulsory Math and Optional Math.",0
"Barista and cafe supervisor with 4 years experience in espresso machine calibration, latte art, coffee bean roasting, and cash register operation.","Senior Physics Mentor (+2 Science & Engineering Entrance). Requirements: NEB Physics Syllabus mastery, numerical problem-solving, and entrance exam preparation.",0
"Graphic designer and digital illustrator skilled in Adobe Photoshop, Illustrator, InDesign, branding identities, print brochures, and typography.","Seeking a Loksewa GK & Current Affairs Lead Instructor with strong knowledge of Constitution of Nepal, Public Administration, and curriculum evaluation.",0
"Hotel housekeeper and room attendant experienced in sanitization protocols, linen inventory, luxury hospitality standards, and customer service.","Hiring a Curriculum & Question Bank Author for STEM subjects. Responsible for content writing, pedagogy development, and practice question authoring.",0
"Civil construction surveyor experienced in total station leveling, road topography mapping, CAD drafting, and earthwork calculations.","English Faculty required for secondary and higher secondary levels. Responsibilities include English grammar, literature, reading comprehension, and creative writing.",0
"Mining engineer skilled in open pit blast design, rock mechanics, mineral processing, and heavy equipment site operations.","High School Computer Science Teacher needed to deliver courses in Python programming, computer literacy, and introductory database concepts.",0
"Professional photographer specializing in portrait photography, studio lighting setups, wedding photojournalism, and Lightroom retouching.","Full Stack Web Developer required with skills in JavaScript, Node.js, Express, MongoDB, and frontend component frameworks.",0
"Carpentry craftsman specialized in custom furniture making, wood carving, timber joinery, framing, and antique restoration.","College Chemistry Instructor needed for +2 Science students. Must cover organic, inorganic, and physical chemistry under national curriculum.",0
"Firefighter and emergency rescue technician certified in structural firefighting, hazardous materials response, CPR, and trauma first aid.","Junior Data Analyst wanted with strong proficiency in Python, pandas, SQL, and data reporting techniques.",0
"Astrologer and horoscope consultant specializing in Vedic birth chart analysis, planetary transits, and traditional ritual guidance.","We are hiring a Senior Software Developer with deep expertise in Python, Django, REST APIs, PostgreSQL, and Git version control.",0
